_ws.col.Time,frame.time_relative,tcp.time_relative,frame.number,frame.len,ip.src,tcp.srcport,ip.dst,tcp.dstport,tcp.len,tcp.seq,tcp.ack
"12:46:35.459340","0.000000000",,"1","62","100.64.0.2",,"1.1.1.1",,,,
"12:46:35.459364","0.000024000",,"2","62","100.64.0.2",,"1.1.1.1",,,,
"12:46:35.471231","0.011891000",,"3","76",,,,,,,
"12:46:35.663343","0.204003000",,"4","76",,,,,,,
"12:46:35.759046","0.299706000",,"5","76",,,,,,,
"12:46:35.983329","0.523989000",,"6","76",,,,,,,
"12:46:38.991230","3.531890000",,"7","48",,,,,,,
"12:46:39.503319","4.043979000",,"8","48",,,,,,,
"12:46:40.460103","5.000763000",,"9","62","100.64.0.2",,"8.8.8.8",,,,
"12:46:40.460128","5.000788000",,"10","62","100.64.0.2",,"8.8.8.8",,,,
"12:46:40.464710","5.005370000",,"11","119","8.8.8.8",,"100.64.0.2",,,,
"12:46:40.466986","5.007646000",,"12","107","8.8.8.8",,"100.64.0.2",,,,
"12:46:40.773237","5.313897000","0.000000000","13","60","100.64.0.2","53692","103.102.166.224","443","0","0","0"
"12:46:40.776552","5.317212000","0.003315000","14","60","103.102.166.224","443","100.64.0.2","53692","0","0","1"
"12:46:41.084598","5.625258000","0.311361000","15","52","100.64.0.2","53692","103.102.166.224","443","0","1","1"
"12:46:41.084621","5.625281000","0.311384000","16","100","100.64.0.2","53692","103.102.166.224","443","48","1","1"
"12:46:41.084629","5.625289000","0.311392000","17","100","100.64.0.2","53692","103.102.166.224","443","48","49","1"
"12:46:41.084638","5.625298000","0.311401000","18","100","100.64.0.2","53692","103.102.166.224","443","48","97","1"
"12:46:41.084647","5.625307000","0.311410000","19","100","100.64.0.2","53692","103.102.166.224","443","48","145","1"
"12:46:41.084654","5.625314000","0.311417000","20","100","100.64.0.2","53692","103.102.166.224","443","48","193","1"
"12:46:41.084663","5.625323000","0.311426000","21","100","100.64.0.2","53692","103.102.166.224","443","48","241","1"
"12:46:41.084671","5.625331000","0.311434000","22","100","100.64.0.2","53692","103.102.166.224","443","48","289","1"
"12:46:41.084678","5.625338000","0.311441000","23","100","100.64.0.2","53692","103.102.166.224","443","48","337","1"
"12:46:41.084688","5.625348000","0.311451000","24","64","100.64.0.2","53692","103.102.166.224","443","12","385","1"
"12:46:41.088734","5.629394000","0.315497000","25","52","103.102.166.224","443","100.64.0.2","53692","0","1","193"
"12:46:41.088762","5.629422000","0.315525000","26","52","103.102.166.224","443","100.64.0.2","53692","0","1","397"
"12:46:41.089446","5.630106000","0.316209000","27","576","103.102.166.224","443","100.64.0.2","53692","524","1","397"
"12:46:41.089477","5.630137000","0.316240000","28","576","103.102.166.224","443","100.64.0.2","53692","524","525","397"
"12:46:41.089505","5.630165000","0.316268000","29","576","103.102.166.224","443","100.64.0.2","53692","524","1049","397"
"12:46:41.089513","5.630173000","0.316276000","30","576","103.102.166.224","443","100.64.0.2","53692","524","1573","397"
"12:46:41.089538","5.630198000","0.316301000","31","576","103.102.166.224","443","100.64.0.2","53692","524","2097","397"
"12:46:41.089546","5.630206000","0.316309000","32","576","103.102.166.224","443","100.64.0.2","53692","524","2621","397"
"12:46:41.089567","5.630227000","0.316330000","33","466","103.102.166.224","443","100.64.0.2","53692","414","3145","397"
"12:46:41.398062","5.938722000","0.624825000","34","52","100.64.0.2","53692","103.102.166.224","443","0","397","525"
"12:46:41.398077","5.938737000","0.624840000","35","52","100.64.0.2","53692","103.102.166.224","443","0","397","1049"
"12:46:41.459517","6.000177000","0.686280000","36","52","100.64.0.2","53692","103.102.166.224","443","0","397","1573"
"12:46:41.459542","6.000202000","0.686305000","37","52","100.64.0.2","53692","103.102.166.224","443","0","397","2097"
"12:46:41.522571","6.063231000","0.749334000","38","52","100.64.0.2","53692","103.102.166.224","443","0","397","2621"
"12:46:41.522593","6.063253000","0.749356000","39","52","100.64.0.2","53692","103.102.166.224","443","0","397","3145"
"12:46:41.522602","6.063262000","0.749365000","40","52","100.64.0.2","53692","103.102.166.224","443","0","397","3559"
"12:46:41.522611","6.063271000","0.749374000","41","100","100.64.0.2","53692","103.102.166.224","443","48","397","3559"
"12:46:41.522619","6.063279000","0.749382000","42","84","100.64.0.2","53692","103.102.166.224","443","32","445","3559"
"12:46:41.522627","6.063287000","0.749390000","43","100","100.64.0.2","53692","103.102.166.224","443","48","477","3559"
"12:46:41.522635","6.063295000","0.749398000","44","100","100.64.0.2","53692","103.102.166.224","443","48","525","3559"
"12:46:41.522644","6.063304000","0.749407000","45","100","100.64.0.2","53692","103.102.166.224","443","48","573","3559"
"12:46:41.525232","6.065892000","0.751995000","46","323","103.102.166.224","443","100.64.0.2","53692","271","3559","477"
"12:46:41.525260","6.065920000","0.752023000","47","323","103.102.166.224","443","100.64.0.2","53692","271","3830","573"
"12:46:41.567947","6.108607000","0.794710000","48","52","103.102.166.224","443","100.64.0.2","53692","0","4101","621"
"12:46:41.834710","6.375370000","1.061473000","49","71","100.64.0.2","53692","103.102.166.224","443","19","621","3830"
"12:46:41.834735","6.375395000","1.061498000","50","52","100.64.0.2","53692","103.102.166.224","443","0","640","4101"
"12:46:41.837355","6.378015000","1.064118000","51","52","103.102.166.224","443","100.64.0.2","53692","0","4101","640"
"12:46:41.837496","6.378156000","1.064259000","52","576","103.102.166.224","443","100.64.0.2","53692","524","4101","640"
"12:46:41.848241","6.388901000","1.075004000","53","576","103.102.166.224","443","100.64.0.2","53692","524","4625","640"
"12:46:41.859169","6.399829000","1.085932000","54","576","103.102.166.224","443","100.64.0.2","53692","524","5149","640"
"12:46:41.870156","6.410816000","1.096919000","55","576","103.102.166.224","443","100.64.0.2","53692","524","5673","640"
"12:46:41.880880","6.421540000","1.107643000","56","576","103.102.166.224","443","100.64.0.2","53692","524","6197","640"
"12:46:41.891780","6.432440000","1.118543000","57","576","103.102.166.224","443","100.64.0.2","53692","524","6721","640"
"12:46:41.902785","6.443445000","1.129548000","58","576","103.102.166.224","443","100.64.0.2","53692","524","7245","640"
"12:46:41.913745","6.454405000","1.140508000","59","576","103.102.166.224","443","100.64.0.2","53692","524","7769","640"
"12:46:41.924601","6.465261000","1.151364000","60","576","103.102.166.224","443","100.64.0.2","53692","524","8293","640"
"12:46:41.935418","6.476078000","1.162181000","61","576","103.102.166.224","443","100.64.0.2","53692","524","8817","640"
"12:46:41.946394","6.487054000","1.173157000","62","576","103.102.166.224","443","100.64.0.2","53692","524","9341","640"
"12:46:41.957323","6.497983000","1.184086000","63","576","103.102.166.224","443","100.64.0.2","53692","524","9865","640"
"12:46:41.968374","6.509034000","1.195137000","64","576","103.102.166.224","443","100.64.0.2","53692","524","10389","640"
"12:46:41.979138","6.519798000","1.205901000","65","576","103.102.166.224","443","100.64.0.2","53692","524","10913","640"
"12:46:41.990109","6.530769000","1.216872000","66","576","103.102.166.224","443","100.64.0.2","53692","524","11437","640"
"12:46:42.000880","6.541540000","1.227643000","67","576","103.102.166.224","443","100.64.0.2","53692","524","11961","640"
"12:46:42.011964","6.552624000","1.238727000","68","576","103.102.166.224","443","100.64.0.2","53692","524","12485","640"
"12:46:42.022715","6.563375000","1.249478000","69","576","103.102.166.224","443","100.64.0.2","53692","524","13009","640"
"12:46:42.147657","6.688317000","1.374420000","70","52","100.64.0.2","53692","103.102.166.224","443","0","640","4625"
"12:46:42.147687","6.688347000","1.374450000","71","52","100.64.0.2","53692","103.102.166.224","443","0","640","5149"
"12:46:42.150347","6.691007000","1.377110000","72","576","103.102.166.224","443","100.64.0.2","53692","524","13533","640"
"12:46:42.155764","6.696424000","1.382527000","73","576","103.102.166.224","443","100.64.0.2","53692","524","14057","640"
"12:46:42.210245","6.750905000","1.437008000","74","52","100.64.0.2","53692","103.102.166.224","443","0","640","5673"
"12:46:42.210279","6.750939000","1.437042000","75","52","100.64.0.2","53692","103.102.166.224","443","0","640","6197"
"12:46:42.210294","6.750954000","1.437057000","76","52","100.64.0.2","53692","103.102.166.224","443","0","640","6721"
"12:46:42.212681","6.753341000","1.439444000","77","576","103.102.166.224","443","100.64.0.2","53692","524","14581","640"
"12:46:42.218299","6.758959000","1.445062000","78","576","103.102.166.224","443","100.64.0.2","53692","524","15105","640"
"12:46:42.228982","6.769642000","1.455745000","79","576","103.102.166.224","443","100.64.0.2","53692","524","15629","640"
"12:46:42.272832","6.813492000","1.499595000","80","52","100.64.0.2","53692","103.102.166.224","443","0","640","7769"
"12:46:42.275457","6.816117000","1.502220000","81","576","103.102.166.224","443","100.64.0.2","53692","524","16153","640"
"12:46:42.281026","6.821686000","1.507789000","82","576","103.102.166.224","443","100.64.0.2","53692","524","16677","640"
"12:46:42.334497","6.875157000","1.561260000","83","52","100.64.0.2","53692","103.102.166.224","443","0","640","8817"
"12:46:42.334530","6.875190000","1.561293000","84","52","100.64.0.2","53692","103.102.166.224","443","0","640","9341"
"12:46:42.337215","6.877875000","1.563978000","85","576","103.102.166.224","443","100.64.0.2","53692","524","17201","640"
"12:46:42.342715","6.883375000","1.569478000","86","576","103.102.166.224","443","100.64.0.2","53692","524","17725","640"
"12:46:42.353564","6.894224000","1.580327000","87","576","103.102.166.224","443","100.64.0.2","53692","524","18249","640"
"12:46:42.364516","6.905176000","1.591279000","88","576","103.102.166.224","443","100.64.0.2","53692","524","18773","640"
"12:46:42.375337","6.915997000","1.602100000","89","576","103.102.166.224","443","100.64.0.2","53692","524","19297","640"
"12:46:42.386359","6.927019000","1.613122000","90","576","103.102.166.224","443","100.64.0.2","53692","524","19821","640"
"12:46:42.397735","6.938395000","1.624498000","91","52","100.64.0.2","53692","103.102.166.224","443","0","640","10389"
"12:46:42.400449","6.941109000","1.627212000","92","576","103.102.166.224","443","100.64.0.2","53692","524","20345","640"
"12:46:42.408097","6.948757000","1.634860000","93","576","103.102.166.224","443","100.64.0.2","53692","524","20869","640"
"12:46:42.419099","6.959759000","1.645862000","94","576","103.102.166.224","443","100.64.0.2","53692","524","21393","640"
"12:46:42.430090","6.970750000","1.656853000","95","576","103.102.166.224","443","100.64.0.2","53692","524","21917","640"
"12:46:42.459681","7.000341000","1.686444000","96","52","100.64.0.2","53692","103.102.166.224","443","0","640","11437"
"12:46:42.459711","7.000371000","1.686474000","97","52","100.64.0.2","53692","103.102.166.224","443","0","640","11961"
"12:46:42.462320","7.002980000","1.689083000","98","576","103.102.166.224","443","100.64.0.2","53692","524","22441","640"
"12:46:42.467758","7.008418000","1.694521000","99","576","103.102.166.224","443","100.64.0.2","53692","524","22965","640"
"12:46:42.478542","7.019202000","1.705305000","100","576","103.102.166.224","443","100.64.0.2","53692","524","23489","640"
"12:46:42.489517","7.030177000","1.716280000","101","576","103.102.166.224","443","100.64.0.2","53692","524","24013","640"
"12:46:42.500347","7.041007000","1.727110000","102","576","103.102.166.224","443","100.64.0.2","53692","524","24537","640"
"12:46:42.522953","7.063613000","1.749716000","103","52","100.64.0.2","53692","103.102.166.224","443","0","640","12485"
"12:46:42.523015","7.063675000","1.749778000","104","52","100.64.0.2","53692","103.102.166.224","443","0","640","13009"
"12:46:42.523026","7.063686000","1.749789000","105","52","100.64.0.2","53692","103.102.166.224","443","0","640","13533"
"12:46:42.525667","7.066327000","1.752430000","106","576","103.102.166.224","443","100.64.0.2","53692","524","25061","640"
"12:46:42.531085","7.071745000","1.757848000","107","576","103.102.166.224","443","100.64.0.2","53692","524","25585","640"
"12:46:42.541901","7.082561000","1.768664000","108","576","103.102.166.224","443","100.64.0.2","53692","524","26109","640"
"12:46:42.552895","7.093555000","1.779658000","109","576","103.102.166.224","443","100.64.0.2","53692","524","26633","640"
"12:46:42.584779","7.125439000","1.811542000","110","52","100.64.0.2","53692","103.102.166.224","443","0","640","14057"
"12:46:42.584805","7.125465000","1.811568000","111","52","100.64.0.2","53692","103.102.166.224","443","0","640","14581"
"12:46:42.587283","7.127943000","1.814046000","112","576","103.102.166.224","443","100.64.0.2","53692","524","27157","640"
"12:46:42.591744","7.132404000","1.818507000","113","576","103.102.166.224","443","100.64.0.2","53692","524","27681","640"
"12:46:42.599993","7.140653000","1.826756000","114","576","103.102.166.224","443","100.64.0.2","53692","524","28205","640"
"12:46:42.608679","7.149339000","1.835442000","115","576","103.102.166.224","443","100.64.0.2","53692","524","28729","640"
"12:46:42.648164","7.188824000","1.874927000","116","52","100.64.0.2","53692","103.102.166.224","443","0","640","15105"
"12:46:42.648195","7.188855000","1.874958000","117","52","100.64.0.2","53692","103.102.166.224","443","0","640","15629"
"12:46:42.648208","7.188868000","1.874971000","118","52","100.64.0.2","53692","103.102.166.224","443","0","640","16153"
"12:46:42.650880","7.191540000","1.877643000","119","576","103.102.166.224","443","100.64.0.2","53692","524","29253","640"
"12:46:42.655057","7.195717000","1.881820000","120","576","103.102.166.224","443","100.64.0.2","53692","524","29777","640"
"12:46:42.663463","7.204123000","1.890226000","121","576","103.102.166.224","443","100.64.0.2","53692","524","30301","640"
"12:46:42.671984","7.212644000","1.898747000","122","576","103.102.166.224","443","100.64.0.2","53692","524","30825","640"
"12:46:42.680526","7.221186000","1.907289000","123","576","103.102.166.224","443","100.64.0.2","53692","524","31349","640"
"12:46:42.689013","7.229673000","1.915776000","124","576","103.102.166.224","443","100.64.0.2","53692","524","31873","640"
"12:46:42.709480","7.250140000","1.936243000","125","52","100.64.0.2","53692","103.102.166.224","443","0","640","16677"
"12:46:42.709513","7.250173000","1.936276000","126","52","100.64.0.2","53692","103.102.166.224","443","0","640","17201"
"12:46:42.712150","7.252810000","1.938913000","127","576","103.102.166.224","443","100.64.0.2","53692","524","32397","640"
"12:46:42.716317","7.256977000","1.943080000","128","576","103.102.166.224","443","100.64.0.2","53692","524","32921","640"
"12:46:42.725011","7.265671000","1.951774000","129","576","103.102.166.224","443","100.64.0.2","53692","524","33445","640"
"12:46:42.733479","7.274139000","1.960242000","130","576","103.102.166.224","443","100.64.0.2","53692","524","33969","640"
"12:46:42.772549","7.313209000","1.999312000","131","52","100.64.0.2","53692","103.102.166.224","443","0","640","17725"
"12:46:42.772578","7.313238000","1.999341000","132","52","100.64.0.2","53692","103.102.166.224","443","0","640","18249"
"12:46:42.772588","7.313248000","1.999351000","133","52","100.64.0.2","53692","103.102.166.224","443","0","640","18773"
"12:46:42.775015","7.315675000","2.001778000","134","576","103.102.166.224","443","100.64.0.2","53692","524","34493","640"
"12:46:42.779336","7.319996000","2.006099000","135","576","103.102.166.224","443","100.64.0.2","53692","524","35017","640"
"12:46:42.787750","7.328410000","2.014513000","136","576","103.102.166.224","443","100.64.0.2","53692","524","35541","640"
"12:46:42.796488","7.337148000","2.023251000","137","576","103.102.166.224","443","100.64.0.2","53692","524","36065","640"
"12:46:42.804868","7.345528000","2.031631000","138","576","103.102.166.224","443","100.64.0.2","53692","524","36589","640"
"12:46:42.813476","7.354136000","2.040239000","139","576","103.102.166.224","443","100.64.0.2","53692","524","37113","640"
"12:46:42.834817","7.375477000","2.061580000","140","52","100.64.0.2","53692","103.102.166.224","443","0","640","19297"
"12:46:42.834842","7.375502000","2.061605000","141","52","100.64.0.2","53692","103.102.166.224","443","0","640","19821"
"12:46:42.834852","7.375512000","2.061615000","142","52","100.64.0.2","53692","103.102.166.224","443","0","640","20345"
"12:46:42.837462","7.378122000","2.064225000","143","576","103.102.166.224","443","100.64.0.2","53692","524","37637","640"
"12:46:42.841538","7.382198000","2.068301000","144","576","103.102.166.224","443","100.64.0.2","53692","524","38161","640"
"12:46:42.850202","7.390862000","2.076965000","145","576","103.102.166.224","443","100.64.0.2","53692","524","38685","640"
"12:46:42.858632","7.399292000","2.085395000","146","576","103.102.166.224","443","100.64.0.2","53692","524","39209","640"
"12:46:42.867030","7.407690000","2.093793000","147","576","103.102.166.224","443","100.64.0.2","53692","524","39733","640"
"12:46:42.875261","7.415921000","2.102024000","148","576","103.102.166.224","443","100.64.0.2","53692","524","40257","640"
"12:46:42.898023","7.438683000","2.124786000","149","52","100.64.0.2","53692","103.102.166.224","443","0","640","20869"
"12:46:42.898046","7.438706000","2.124809000","150","52","100.64.0.2","53692","103.102.166.224","443","0","640","21393"
"12:46:42.900664","7.441324000","2.127427000","151","576","103.102.166.224","443","100.64.0.2","53692","524","40781","640"
"12:46:42.904830","7.445490000","2.131593000","152","576","103.102.166.224","443","100.64.0.2","53692","524","41305","640"
"12:46:42.913043","7.453703000","2.139806000","153","576","103.102.166.224","443","100.64.0.2","53692","524","41829","640"
"12:46:42.960139","7.500799000","2.186902000","154","52","100.64.0.2","53692","103.102.166.224","443","0","640","21917"
"12:46:42.960162","7.500822000","2.186925000","155","52","100.64.0.2","53692","103.102.166.224","443","0","640","22441"
"12:46:42.960170","7.500830000","2.186933000","156","52","100.64.0.2","53692","103.102.166.224","443","0","640","22965"
"12:46:42.962827","7.503487000","2.189590000","157","576","103.102.166.224","443","100.64.0.2","53692","524","42353","640"
"12:46:42.967042","7.507702000","2.193805000","158","576","103.102.166.224","443","100.64.0.2","53692","524","42877","640"
"12:46:42.975221","7.515881000","2.201984000","159","576","103.102.166.224","443","100.64.0.2","53692","524","43401","640"
"12:46:42.983180","7.523840000","2.209943000","160","576","103.102.166.224","443","100.64.0.2","53692","524","43925","640"
"12:46:43.022927","7.563587000","2.249690000","161","52","100.64.0.2","53692","103.102.166.224","443","0","640","23489"
"12:46:43.022952","7.563612000","2.249715000","162","52","100.64.0.2","53692","103.102.166.224","443","0","640","24013"
"12:46:43.025435","7.566095000","2.252198000","163","576","103.102.166.224","443","100.64.0.2","53692","524","44449","640"
"12:46:43.029458","7.570118000","2.256221000","164","576","103.102.166.224","443","100.64.0.2","53692","524","44973","640"
"12:46:43.037389","7.578049000","2.264152000","165","576","103.102.166.224","443","100.64.0.2","53692","524","45497","640"
"12:46:43.084746","7.625406000","2.311509000","166","52","100.64.0.2","53692","103.102.166.224","443","0","640","24537"
"12:46:43.084771","7.625431000","2.311534000","167","52","100.64.0.2","53692","103.102.166.224","443","0","640","25061"
"12:46:43.084781","7.625441000","2.311544000","168","52","100.64.0.2","53692","103.102.166.224","443","0","640","25585"
"12:46:43.087323","7.627983000","2.314086000","169","576","103.102.166.224","443","100.64.0.2","53692","524","46021","640"
"12:46:43.091457","7.632117000","2.318220000","170","576","103.102.166.224","443","100.64.0.2","53692","524","46545","640"
"12:46:43.099221","7.639881000","2.325984000","171","576","103.102.166.224","443","100.64.0.2","53692","524","47069","640"
"12:46:43.147869","7.688529000","2.374632000","172","52","100.64.0.2","53692","103.102.166.224","443","0","640","26109"
"12:46:43.147893","7.688553000","2.374656000","173","52","100.64.0.2","53692","103.102.166.224","443","0","640","26633"
"12:46:43.150477","7.691137000","2.377240000","174","576","103.102.166.224","443","100.64.0.2","53692","524","47593","640"
"12:46:43.154503","7.695163000","2.381266000","175","576","103.102.166.224","443","100.64.0.2","53692","524","48117","640"
"12:46:43.209976","7.750636000","2.436739000","176","52","100.64.0.2","53692","103.102.166.224","443","0","640","27157"
"12:46:43.209999","7.750659000","2.436762000","177","52","100.64.0.2","53692","103.102.166.224","443","0","640","27681"
"12:46:43.210007","7.750667000","2.436770000","178","52","100.64.0.2","53692","103.102.166.224","443","0","640","28205"
"12:46:43.212807","7.753467000","2.439570000","179","576","103.102.166.224","443","100.64.0.2","53692","524","48641","640"
"12:46:43.216799","7.757459000","2.443562000","180","576","103.102.166.224","443","100.64.0.2","53692","524","49165","640"
"12:46:43.224435","7.765095000","2.451198000","181","576","103.102.166.224","443","100.64.0.2","53692","524","49689","640"
"12:46:43.272714","7.813374000","2.499477000","182","52","100.64.0.2","53692","103.102.166.224","443","0","640","28729"
"12:46:43.272737","7.813397000","2.499500000","183","52","100.64.0.2","53692","103.102.166.224","443","0","640","29253"
"12:46:43.272745","7.813405000","2.499508000","184","52","100.64.0.2","53692","103.102.166.224","443","0","640","29777"
"12:46:43.275394","7.816054000","2.502157000","185","576","103.102.166.224","443","100.64.0.2","53692","524","50213","640"
"12:46:43.279337","7.819997000","2.506100000","186","576","103.102.166.224","443","100.64.0.2","53692","524","50737","640"
"12:46:43.287226","7.827886000","2.513989000","187","576","103.102.166.224","443","100.64.0.2","53692","524","51261","640"
"12:46:43.295077","7.835737000","2.521840000","188","576","103.102.166.224","443","100.64.0.2","53692","524","51785","640"
"12:46:43.335170","7.875830000","2.561933000","189","52","100.64.0.2","53692","103.102.166.224","443","0","640","30301"
"12:46:43.335196","7.875856000","2.561959000","190","52","100.64.0.2","53692","103.102.166.224","443","0","640","30825"
"12:46:43.337801","7.878461000","2.564564000","191","576","103.102.166.224","443","100.64.0.2","53692","524","52309","640"
"12:46:43.341848","7.882508000","2.568611000","192","576","103.102.166.224","443","100.64.0.2","53692","524","52833","640"
"12:46:43.349646","7.890306000","2.576409000","193","576","103.102.166.224","443","100.64.0.2","53692","524","53357","640"
"12:46:43.398143","7.938803000","2.624906000","194","52","100.64.0.2","53692","103.102.166.224","443","0","640","30825"
"12:46:43.398169","7.938829000","2.624932000","195","52","100.64.0.2","53692","103.102.166.224","443","0","640","30825"
"12:46:43.398178","7.938838000","2.624941000","196","52","100.64.0.2","53692","103.102.166.224","443","0","640","30825"
"12:46:43.400738","7.941398000","2.627501000","197","576","103.102.166.224","443","100.64.0.2","53692","524","53881","640"
"12:46:43.404809","7.945469000","2.631572000","198","576","103.102.166.224","443","100.64.0.2","53692","524","54405","640"
"12:46:43.412554","7.953214000","2.639317000","199","576","103.102.166.224","443","100.64.0.2","53692","524","30825","640"
"12:46:43.459884","8.000544000","2.686647000","200","52","100.64.0.2","53692","103.102.166.224","443","0","640","30825"
"12:46:43.459909","8.000569000","2.686672000","201","52","100.64.0.2","53692","103.102.166.224","443","0","640","30825"
"12:46:43.462419","8.003079000","2.689182000","202","576","103.102.166.224","443","100.64.0.2","53692","524","54929","640"
"12:46:43.466370","8.007030000","2.693133000","203","576","103.102.166.224","443","100.64.0.2","53692","524","55453","640"
"12:46:43.522390","8.063050000","2.749153000","204","52","100.64.0.2","53692","103.102.166.224","443","0","640","30825"
"12:46:43.522415","8.063075000","2.749178000","205","52","100.64.0.2","53692","103.102.166.224","443","0","640","30825"
"12:46:43.522425","8.063085000","2.749188000","206","52","100.64.0.2","53692","103.102.166.224","443","0","640","30825"
"12:46:43.525055","8.065715000","2.751818000","207","576","103.102.166.224","443","100.64.0.2","53692","524","55977","640"
"12:46:43.528832","8.069492000","2.755595000","208","576","103.102.166.224","443","100.64.0.2","53692","524","56501","640"
"12:46:43.536844","8.077504000","2.763607000","209","576","103.102.166.224","443","100.64.0.2","53692","524","57025","640"
"12:46:43.585318","8.125978000","2.812081000","210","52","100.64.0.2","53692","103.102.166.224","443","0","640","30825"
"12:46:43.585343","8.126003000","2.812106000","211","52","100.64.0.2","53692","103.102.166.224","443","0","640","30825"
"12:46:43.585353","8.126013000","2.812116000","212","52","100.64.0.2","53692","103.102.166.224","443","0","640","30825"
"12:46:43.587952","8.128612000","2.814715000","213","576","103.102.166.224","443","100.64.0.2","53692","524","57549","640"
"12:46:43.592005","8.132665000","2.818768000","214","576","103.102.166.224","443","100.64.0.2","53692","524","58073","640"
"12:46:43.599413","8.140073000","2.826176000","215","576","103.102.166.224","443","100.64.0.2","53692","524","58597","640"
"12:46:43.647749","8.188409000","2.874512000","216","52","100.64.0.2","53692","103.102.166.224","443","0","640","30825"
"12:46:43.647774","8.188434000","2.874537000","217","52","100.64.0.2","53692","103.102.166.224","443","0","640","30825"
"12:46:43.650499","8.191159000","2.877262000","218","576","103.102.166.224","443","100.64.0.2","53692","524","59121","640"
"12:46:43.654434","8.195094000","2.881197000","219","576","103.102.166.224","443","100.64.0.2","53692","524","59645","640"
"12:46:43.709747","8.250407000","2.936510000","220","52","100.64.0.2","53692","103.102.166.224","443","0","640","30825"
"12:46:43.709771","8.250431000","2.936534000","221","52","100.64.0.2","53692","103.102.166.224","443","0","640","30825"
"12:46:43.709781","8.250441000","2.936544000","222","52","100.64.0.2","53692","103.102.166.224","443","0","640","30825"
"12:46:43.712351","8.253011000","2.939114000","223","576","103.102.166.224","443","100.64.0.2","53692","524","60169","640"
"12:46:43.716415","8.257075000","2.943178000","224","576","103.102.166.224","443","100.64.0.2","53692","524","60693","640"
"12:46:43.724184","8.264844000","2.950947000","225","576","103.102.166.224","443","100.64.0.2","53692","524","61217","640"
"12:46:43.773003","8.313663000","2.999766000","226","52","100.64.0.2","53692","103.102.166.224","443","0","640","30825"
"12:46:43.773028","8.313688000","2.999791000","227","52","100.64.0.2","53692","103.102.166.224","443","0","640","30825"
"12:46:43.775592","8.316252000","3.002355000","228","576","103.102.166.224","443","100.64.0.2","53692","524","61741","640"
"12:46:43.779666","8.320326000","3.006429000","229","576","103.102.166.224","443","100.64.0.2","53692","524","62265","640"
"12:46:43.835025","8.375685000","3.061788000","230","52","100.64.0.2","53692","103.102.166.224","443","0","640","30825"
"12:46:43.835051","8.375711000","3.061814000","231","52","100.64.0.2","53692","103.102.166.224","443","0","640","30825"
"12:46:43.835060","8.375720000","3.061823000","232","52","100.64.0.2","53692","103.102.166.224","443","0","640","30825"
"12:46:43.837576","8.378236000","3.064339000","233","576","103.102.166.224","443","100.64.0.2","53692","524","62789","640"
"12:46:43.841561","8.382221000","3.068324000","234","576","103.102.166.224","443","100.64.0.2","53692","524","63313","640"
"12:46:43.849320","8.389980000","3.076083000","235","576","103.102.166.224","443","100.64.0.2","53692","524","63837","640"
"12:46:43.897905","8.438565000","3.124668000","236","52","100.64.0.2","53692","103.102.166.224","443","0","640","30825"
"12:46:43.897930","8.438590000","3.124693000","237","52","100.64.0.2","53692","103.102.166.224","443","0","640","30825"
"12:46:43.897940","8.438600000","3.124703000","238","52","100.64.0.2","53692","103.102.166.224","443","0","640","30825"
"12:46:43.900784","8.441444000","3.127547000","239","576","103.102.166.224","443","100.64.0.2","53692","524","64361","640"
"12:46:43.904570","8.445230000","3.131333000","240","576","103.102.166.224","443","100.64.0.2","53692","524","64885","640"
"12:46:43.912332","8.452992000","3.139095000","241","576","103.102.166.224","443","100.64.0.2","53692","524","65409","640"
"12:46:43.959417","8.500077000","3.186180000","242","52","100.64.0.2","53692","103.102.166.224","443","0","640","30825"
"12:46:43.959442","8.500102000","3.186205000","243","52","100.64.0.2","53692","103.102.166.224","443","0","640","30825"
"12:46:43.962084","8.502744000","3.188847000","244","576","103.102.166.224","443","100.64.0.2","53692","524","65933","640"
"12:46:43.966148","8.506808000","3.192911000","245","576","103.102.166.224","443","100.64.0.2","53692","524","66457","640"
"12:46:44.023140","8.563800000","3.249903000","246","52","100.64.0.2","53692","103.102.166.224","443","0","640","30825"
"12:46:44.023166","8.563826000","3.249929000","247","52","100.64.0.2","53692","103.102.166.224","443","0","640","30825"
"12:46:44.023176","8.563836000","3.249939000","248","52","100.64.0.2","53692","103.102.166.224","443","0","640","30825"
"12:46:44.025784","8.566444000","3.252547000","249","576","103.102.166.224","443","100.64.0.2","53692","524","66981","640"
"12:46:44.029760","8.570420000","3.256523000","250","576","103.102.166.224","443","100.64.0.2","53692","524","67505","640"
"12:46:44.037354","8.578014000","3.264117000","251","576","103.102.166.224","443","100.64.0.2","53692","524","68029","640"
"12:46:44.084864","8.625524000","3.311627000","252","52","100.64.0.2","53692","103.102.166.224","443","0","640","30825"
"12:46:44.084888","8.625548000","3.311651000","253","52","100.64.0.2","53692","103.102.166.224","443","0","640","30825"
"12:46:44.087367","8.628027000","3.314130000","254","576","103.102.166.224","443","100.64.0.2","53692","524","68553","640"
"12:46:44.091457","8.632117000","3.318220000","255","576","103.102.166.224","443","100.64.0.2","53692","524","69077","640"
"12:46:44.147934","8.688594000","3.374697000","256","52","100.64.0.2","53692","103.102.166.224","443","0","640","30825"
"12:46:44.147958","8.688618000","3.374721000","257","52","100.64.0.2","53692","103.102.166.224","443","0","640","30825"
"12:46:44.147969","8.688629000","3.374732000","258","52","100.64.0.2","53692","103.102.166.224","443","0","640","30825"
"12:46:44.150559","8.691219000","3.377322000","259","576","103.102.166.224","443","100.64.0.2","53692","524","69601","640"
"12:46:44.154434","8.695094000","3.381197000","260","576","103.102.166.224","443","100.64.0.2","53692","524","70125","640"
"12:46:44.162339","8.702999000","3.389102000","261","576","103.102.166.224","443","100.64.0.2","53692","524","70649","640"
"12:46:44.209985","8.750645000","3.436748000","262","52","100.64.0.2","53692","103.102.166.224","443","0","640","30825"
"12:46:44.210009","8.750669000","3.436772000","263","52","100.64.0.2","53692","103.102.166.224","443","0","640","30825"
"12:46:44.210018","8.750678000","3.436781000","264","52","100.64.0.2","53692","103.102.166.224","443","0","640","30825"
"12:46:44.212568","8.753228000","3.439331000","265","576","103.102.166.224","443","100.64.0.2","53692","524","71173","640"
"12:46:44.216400","8.757060000","3.443163000","266","576","103.102.166.224","443","100.64.0.2","53692","524","71697","640"
"12:46:44.224172","8.764832000","3.450935000","267","576","103.102.166.224","443","100.64.0.2","53692","524","72221","640"
"12:46:44.273252","8.813912000","3.500015000","268","52","100.64.0.2","53692","103.102.166.224","443","0","640","30825"
"12:46:44.273276","8.813936000","3.500039000","269","52","100.64.0.2","53692","103.102.166.224","443","0","640","30825"
"12:46:44.275932","8.816592000","3.502695000","270","576","103.102.166.224","443","100.64.0.2","53692","524","72745","640"
"12:46:44.279638","8.820298000","3.506401000","271","576","103.102.166.224","443","100.64.0.2","53692","524","73269","640"
"12:46:44.335140","8.875800000","3.561903000","272","52","100.64.0.2","53692","103.102.166.224","443","0","640","30825"
"12:46:44.335166","8.875826000","3.561929000","273","52","100.64.0.2","53692","103.102.166.224","443","0","640","30825"
"12:46:44.335176","8.875836000","3.561939000","274","52","100.64.0.2","53692","103.102.166.224","443","0","640","30825"
"12:46:44.337710","8.878370000","3.564473000","275","576","103.102.166.224","443","100.64.0.2","53692","524","73793","640"
"12:46:44.341722","8.882382000","3.568485000","276","576","103.102.166.224","443","100.64.0.2","53692","524","74317","640"
"12:46:44.349512","8.890172000","3.576275000","277","576","103.102.166.224","443","100.64.0.2","53692","524","74841","640"
"12:46:44.397924","8.938584000","3.624687000","278","52","100.64.0.2","53692","103.102.166.224","443","0","640","30825"
"12:46:44.397948","8.938608000","3.624711000","279","52","100.64.0.2","53692","103.102.166.224","443","0","640","30825"
"12:46:44.400504","8.941164000","3.627267000","280","576","103.102.166.224","443","100.64.0.2","53692","524","75365","640"
"12:46:44.404663","8.945323000","3.631426000","281","576","103.102.166.224","443","100.64.0.2","53692","524","75889","640"
"12:46:44.459557","9.000217000","3.686320000","282","52","100.64.0.2","53692","103.102.166.224","443","0","640","30825"
"12:46:44.459583","9.000243000","3.686346000","283","52","100.64.0.2","53692","103.102.166.224","443","0","640","30825"
"12:46:44.459593","9.000253000","3.686356000","284","52","100.64.0.2","53692","103.102.166.224","443","0","640","30825"
"12:46:44.462329","9.002989000","3.689092000","285","576","103.102.166.224","443","100.64.0.2","53692","524","76413","640"
"12:46:44.466083","9.006743000","3.692846000","286","576","103.102.166.224","443","100.64.0.2","53692","524","76937","640"
"12:46:44.473868","9.014528000","3.700631000","287","576","103.102.166.224","443","100.64.0.2","53692","524","77461","640"
"12:46:44.481848","9.022508000","3.708611000","288","576","103.102.166.224","443","100.64.0.2","53692","524","30825","640"
"12:46:44.523341","9.064001000","3.750104000","289","52","100.64.0.2","53692","103.102.166.224","443","0","640","30825"
"12:46:44.523365","9.064025000","3.750128000","290","52","100.64.0.2","53692","103.102.166.224","443","0","640","30825"
"12:46:44.523375","9.064035000","3.750138000","291","52","100.64.0.2","53692","103.102.166.224","443","0","640","30825"
"12:46:44.585088","9.125748000","3.811851000","292","52","100.64.0.2","53692","103.102.166.224","443","0","640","30825"
"12:46:44.585113","9.125773000","3.811876000","293","52","100.64.0.2","53692","103.102.166.224","443","0","640","30825"
"12:46:44.647770","9.188430000","3.874533000","294","52","100.64.0.2","53692","103.102.166.224","443","0","640","30825"
"12:46:44.647795","9.188455000","3.874558000","295","52","100.64.0.2","53692","103.102.166.224","443","0","640","30825"
"12:46:44.647804","9.188464000","3.874567000","296","52","100.64.0.2","53692","103.102.166.224","443","0","640","30825"
"12:46:44.710080","9.250740000","3.936843000","297","52","100.64.0.2","53692","103.102.166.224","443","0","640","30825"
"12:46:44.710105","9.250765000","3.936868000","298","52","100.64.0.2","53692","103.102.166.224","443","0","640","30825"
"12:46:44.772416","9.313076000","3.999179000","299","52","100.64.0.2","53692","103.102.166.224","443","0","640","30825"
"12:46:44.772441","9.313101000","3.999204000","300","52","100.64.0.2","53692","103.102.166.224","443","0","640","30825"
"12:46:44.772451","9.313111000","3.999214000","301","52","100.64.0.2","53692","103.102.166.224","443","0","640","30825"
"12:46:44.834815","9.375475000","4.061578000","302","52","100.64.0.2","53692","103.102.166.224","443","0","640","30825"
"12:46:44.834840","9.375500000","4.061603000","303","52","100.64.0.2","53692","103.102.166.224","443","0","640","30825"
"12:46:44.834849","9.375509000","4.061612000","304","52","100.64.0.2","53692","103.102.166.224","443","0","640","30825"
"12:46:44.897723","9.438383000","4.124486000","305","52","100.64.0.2","53692","103.102.166.224","443","0","640","30825"
"12:46:44.897749","9.438409000","4.124512000","306","52","100.64.0.2","53692","103.102.166.224","443","0","640","30825"
"12:46:44.960107","9.500767000","4.186870000","307","52","100.64.0.2","53692","103.102.166.224","443","0","640","30825"
"12:46:44.960132","9.500792000","4.186895000","308","52","100.64.0.2","53692","103.102.166.224","443","0","640","30825"
"12:46:44.960142","9.500802000","4.186905000","309","52","100.64.0.2","53692","103.102.166.224","443","0","640","30825"
"12:46:45.022305","9.562965000","4.249068000","310","52","100.64.0.2","53692","103.102.166.224","443","0","640","30825"
"12:46:45.022330","9.562990000","4.249093000","311","52","100.64.0.2","53692","103.102.166.224","443","0","640","30825"
"12:46:45.084857","9.625517000","4.311620000","312","52","100.64.0.2","53692","103.102.166.224","443","0","640","30825"
"12:46:45.084882","9.625542000","4.311645000","313","52","100.64.0.2","53692","103.102.166.224","443","0","640","30825"
"12:46:45.084892","9.625552000","4.311655000","314","52","100.64.0.2","53692","103.102.166.224","443","0","640","30825"
"12:46:45.147410","9.688070000","4.374173000","315","52","100.64.0.2","53692","103.102.166.224","443","0","640","30825"
"12:46:45.147435","9.688095000","4.374198000","316","52","100.64.0.2","53692","103.102.166.224","443","0","640","30825"
"12:46:46.671213","11.211873000",,"317","48",,,,,,,
"12:46:46.704048","11.244708000","5.930811000","318","576","103.102.166.224","443","100.64.0.2","53692","524","30825","640"
"12:46:46.959789","11.500449000","6.186552000","319","52","100.64.0.2","53692","103.102.166.224","443","0","640","31349"
"12:46:46.962447","11.503107000","6.189210000","320","576","103.102.166.224","443","100.64.0.2","53692","524","77985","640"
"12:46:46.966294","11.506954000","6.193057000","321","576","103.102.166.224","443","100.64.0.2","53692","524","78509","640"
"12:46:46.974090","11.514750000","6.200853000","322","576","103.102.166.224","443","100.64.0.2","53692","524","79033","640"
"12:46:46.981904","11.522564000","6.208667000","323","576","103.102.166.224","443","100.64.0.2","53692","524","31349","640"
"12:46:47.273080","11.813740000","6.499843000","324","52","100.64.0.2","53692","103.102.166.224","443","0","640","31349"
"12:46:47.273103","11.813763000","6.499866000","325","52","100.64.0.2","53692","103.102.166.224","443","0","640","31349"
"12:46:47.275729","11.816389000","6.502492000","326","576","103.102.166.224","443","100.64.0.2","53692","524","31873","640"
"12:46:47.279487","11.820147000","6.506250000","327","576","103.102.166.224","443","100.64.0.2","53692","524","32397","640"
"12:46:47.287501","11.828161000","6.514264000","328","576","103.102.166.224","443","100.64.0.2","53692","524","32921","640"
"12:46:47.295287","11.835947000","6.522050000","329","576","103.102.166.224","443","100.64.0.2","53692","524","33445","640"
"12:46:47.334617","11.875277000","6.561380000","330","52","100.64.0.2","53692","103.102.166.224","443","0","640","31349"
"12:46:47.334644","11.875304000","6.561407000","331","52","100.64.0.2","53692","103.102.166.224","443","0","640","31873"
"12:46:47.337273","11.877933000","6.564036000","332","576","103.102.166.224","443","100.64.0.2","53692","524","33969","640"
"12:46:47.341283","11.881943000","6.568046000","333","576","103.102.166.224","443","100.64.0.2","53692","524","34493","640"
"12:46:47.584506","12.125166000","6.811269000","334","52","100.64.0.2","53692","103.102.166.224","443","0","640","33969"
"12:46:47.584536","12.125196000","6.811299000","335","52","100.64.0.2","53692","103.102.166.224","443","0","640","33969"
"12:46:47.587185","12.127845000","6.813948000","336","576","103.102.166.224","443","100.64.0.2","53692","524","35017","640"
"12:46:47.591068","12.131728000","6.817831000","337","576","103.102.166.224","443","100.64.0.2","53692","524","35541","640"
"12:46:47.598767","12.139427000","6.825530000","338","576","103.102.166.224","443","100.64.0.2","53692","524","36065","640"
"12:46:47.606581","12.147241000","6.833344000","339","576","103.102.166.224","443","100.64.0.2","53692","524","36589","640"
"12:46:47.614344","12.155004000","6.841107000","340","576","103.102.166.224","443","100.64.0.2","53692","524","37113","640"
"12:46:47.622199","12.162859000","6.848962000","341","576","103.102.166.224","443","100.64.0.2","53692","524","37637","640"
"12:46:47.630048","12.170708000","6.856811000","342","576","103.102.166.224","443","100.64.0.2","53692","524","38161","640"
"12:46:47.637772","12.178432000","6.864535000","343","576","103.102.166.224","443","100.64.0.2","53692","524","38685","640"
"12:46:47.645916","12.186576000","6.872679000","344","576","103.102.166.224","443","100.64.0.2","53692","524","39209","640"
"12:46:47.647835","12.188495000","6.874598000","345","52","100.64.0.2","53692","103.102.166.224","443","0","640","33969"
"12:46:47.647860","12.188520000","6.874623000","346","52","100.64.0.2","53692","103.102.166.224","443","0","640","33969"
"12:46:47.647871","12.188531000","6.874634000","347","52","100.64.0.2","53692","103.102.166.224","443","0","640","35541"
"12:46:47.653363","12.194023000","6.880126000","348","576","103.102.166.224","443","100.64.0.2","53692","524","39733","640"
"12:46:47.661221","12.201881000","6.887984000","349","576","103.102.166.224","443","100.64.0.2","53692","524","40257","640"
"12:46:47.669231","12.209891000","6.895994000","350","576","103.102.166.224","443","100.64.0.2","53692","524","40781","640"
"12:46:47.676753","12.217413000","6.903516000","351","576","103.102.166.224","443","100.64.0.2","53692","524","41305","640"
"12:46:47.684758","12.225418000","6.911521000","352","576","103.102.166.224","443","100.64.0.2","53692","524","41829","640"
"12:46:47.695182","12.235842000",,"353","48",,,,,,,
"12:46:47.710243","12.250903000","6.937006000","354","52","100.64.0.2","53692","103.102.166.224","443","0","640","35541"
"12:46:47.713018","12.253678000","6.939781000","355","576","103.102.166.224","443","100.64.0.2","53692","524","42353","640"
"12:46:47.716835","12.257495000","6.943598000","356","576","103.102.166.224","443","100.64.0.2","53692","524","42877","640"
"12:46:47.897671","12.438331000","7.124434000","357","52","100.64.0.2","53692","103.102.166.224","443","0","640","35541"
"12:46:47.897694","12.438354000","7.124457000","358","52","100.64.0.2","53692","103.102.166.224","443","0","640","36065"
"12:46:47.900386","12.441046000","7.127149000","359","576","103.102.166.224","443","100.64.0.2","53692","524","43401","640"
"12:46:47.904254","12.444914000","7.131017000","360","576","103.102.166.224","443","100.64.0.2","53692","524","43925","640"
"12:46:47.959876","12.500536000","7.186639000","361","52","100.64.0.2","53692","103.102.166.224","443","0","640","36589"
"12:46:47.959897","12.500557000","7.186660000","362","52","100.64.0.2","53692","103.102.166.224","443","0","640","37113"
"12:46:47.959906","12.500566000","7.186669000","363","52","100.64.0.2","53692","103.102.166.224","443","0","640","39209"
"12:46:47.962579","12.503239000","7.189342000","364","576","103.102.166.224","443","100.64.0.2","53692","524","44449","640"
"12:46:47.966583","12.507243000","7.193346000","365","576","103.102.166.224","443","100.64.0.2","53692","524","44973","640"
"12:46:47.974225","12.514885000","7.200988000","366","576","103.102.166.224","443","100.64.0.2","53692","524","45497","640"
"12:46:47.981952","12.522612000","7.208715000","367","576","103.102.166.224","443","100.64.0.2","53692","524","46021","640"
"12:46:47.989788","12.530448000","7.216551000","368","576","103.102.166.224","443","100.64.0.2","53692","524","46545","640"
"12:46:47.997696","12.538356000","7.224459000","369","576","103.102.166.224","443","100.64.0.2","53692","524","47069","640"
"12:46:48.005551","12.546211000","7.232314000","370","576","103.102.166.224","443","100.64.0.2","53692","524","47593","640"
"12:46:48.013366","12.554026000","7.240129000","371","576","103.102.166.224","443","100.64.0.2","53692","524","48117","640"
"12:46:48.020983","12.561643000","7.247746000","372","576","103.102.166.224","443","100.64.0.2","53692","524","48641","640"
"12:46:48.022952","12.563612000","7.249715000","373","52","100.64.0.2","53692","103.102.166.224","443","0","640","39209"
"12:46:48.023001","12.563661000","7.249764000","374","52","100.64.0.2","53692","103.102.166.224","443","0","640","39209"
"12:46:48.028795","12.569455000","7.255558000","375","576","103.102.166.224","443","100.64.0.2","53692","524","49165","640"
"12:46:48.036405","12.577065000","7.263168000","376","576","103.102.166.224","443","100.64.0.2","53692","524","49689","640"
"12:46:48.044569","12.585229000","7.271332000","377","576","103.102.166.224","443","100.64.0.2","53692","524","50213","640"
"12:46:48.052388","12.593048000","7.279151000","378","576","103.102.166.224","443","100.64.0.2","53692","524","50737","640"
"12:46:48.059976","12.600636000","7.286739000","379","576","103.102.166.224","443","100.64.0.2","53692","524","51261","640"
"12:46:48.067994","12.608654000","7.294757000","380","576","103.102.166.224","443","100.64.0.2","53692","524","51785","640"
"12:46:48.075663","12.616323000","7.302426000","381","576","103.102.166.224","443","100.64.0.2","53692","524","52309","640"
"12:46:48.084738","12.625398000","7.311501000","382","52","100.64.0.2","53692","103.102.166.224","443","0","640","39209"
"12:46:48.084760","12.625420000","7.311523000","383","52","100.64.0.2","53692","103.102.166.224","443","0","640","39733"
"12:46:48.084769","12.625429000","7.311532000","384","52","100.64.0.2","53692","103.102.166.224","443","0","640","40257"
"12:46:48.087420","12.628080000","7.314183000","385","576","103.102.166.224","443","100.64.0.2","53692","524","52833","640"
"12:46:48.091368","12.632028000","7.318131000","386","576","103.102.166.224","443","100.64.0.2","53692","524","53357","640"
"12:46:48.099039","12.639699000","7.325802000","387","576","103.102.166.224","443","100.64.0.2","53692","524","53881","640"
"12:46:48.147534","12.688194000","7.374297000","388","52","100.64.0.2","53692","103.102.166.224","443","0","640","41829"
"12:46:48.147565","12.688225000","7.374328000","389","52","100.64.0.2","53692","103.102.166.224","443","0","640","41829"
"12:46:48.150186","12.690846000","7.376949000","390","576","103.102.166.224","443","100.64.0.2","53692","524","54405","640"
"12:46:48.154225","12.694885000","7.380988000","391","576","103.102.166.224","443","100.64.0.2","53692","524","54929","640"
"12:46:48.162071","12.702731000","7.388834000","392","576","103.102.166.224","443","100.64.0.2","53692","524","55453","640"
"12:46:48.169738","12.710398000","7.396501000","393","576","103.102.166.224","443","100.64.0.2","53692","524","55977","640"
"12:46:48.177774","12.718434000","7.404537000","394","576","103.102.166.224","443","100.64.0.2","53692","524","56501","640"
"12:46:48.185286","12.725946000","7.412049000","395","576","103.102.166.224","443","100.64.0.2","53692","524","57025","640"
"12:46:48.193151","12.733811000","7.419914000","396","576","103.102.166.224","443","100.64.0.2","53692","524","57549","640"
"12:46:48.200955","12.741615000","7.427718000","397","576","103.102.166.224","443","100.64.0.2","53692","524","58073","640"
"12:46:48.210238","12.750898000","7.437001000","398","52","100.64.0.2","53692","103.102.166.224","443","0","640","41829"
"12:46:48.210263","12.750923000","7.437026000","399","52","100.64.0.2","53692","103.102.166.224","443","0","640","43925"
"12:46:48.210273","12.750933000","7.437036000","400","52","100.64.0.2","53692","103.102.166.224","443","0","640","43925"
"12:46:48.212775","12.753435000","7.439538000","401","576","103.102.166.224","443","100.64.0.2","53692","524","58597","640"
"12:46:48.216706","12.757366000","7.443469000","402","576","103.102.166.224","443","100.64.0.2","53692","524","59121","640"
"12:46:48.224411","12.765071000","7.451174000","403","576","103.102.166.224","443","100.64.0.2","53692","524","59645","640"
"12:46:48.230199","12.770859000","7.456962000","404","576","103.102.166.224","443","100.64.0.2","53692","524","60169","640"
"12:46:48.236196","12.776856000","7.462959000","405","576","103.102.166.224","443","100.64.0.2","53692","524","60693","640"
"12:46:48.241769","12.782429000","7.468532000","406","576","103.102.166.224","443","100.64.0.2","53692","524","61217","640"
"12:46:48.247700","12.788360000","7.474463000","407","576","103.102.166.224","443","100.64.0.2","53692","524","61741","640"
"12:46:48.253318","12.793978000","7.480081000","408","576","103.102.166.224","443","100.64.0.2","53692","524","62265","640"
"12:46:48.272722","12.813382000","7.499485000","409","52","100.64.0.2","53692","103.102.166.224","443","0","640","43925"
"12:46:48.272749","12.813409000","7.499512000","410","52","100.64.0.2","53692","103.102.166.224","443","0","640","43925"
"12:46:48.272758","12.813418000","7.499521000","411","52","100.64.0.2","53692","103.102.166.224","443","0","640","47069"
"12:46:48.275309","12.815969000","7.502072000","412","576","103.102.166.224","443","100.64.0.2","53692","524","62789","640"
"12:46:48.278297","12.818957000","7.505060000","413","576","103.102.166.224","443","100.64.0.2","53692","524","63313","640"
"12:46:48.284147","12.824807000","7.510910000","414","576","103.102.166.224","443","100.64.0.2","53692","524","63837","640"
"12:46:48.289996","12.830656000","7.516759000","415","576","103.102.166.224","443","100.64.0.2","53692","524","64361","640"
"12:46:48.295608","12.836268000","7.522371000","416","576","103.102.166.224","443","100.64.0.2","53692","524","64885","640"
"12:46:48.301395","12.842055000","7.528158000","417","576","103.102.166.224","443","100.64.0.2","53692","524","65409","640"
"12:46:48.307169","12.847829000","7.533932000","418","576","103.102.166.224","443","100.64.0.2","53692","524","65933","640"
"12:46:48.312960","12.853620000","7.539723000","419","576","103.102.166.224","443","100.64.0.2","53692","524","66457","640"
"12:46:48.318657","12.859317000","7.545420000","420","576","103.102.166.224","443","100.64.0.2","53692","524","66981","640"
"12:46:48.324560","12.865220000","7.551323000","421","576","103.102.166.224","443","100.64.0.2","53692","524","67505","640"
"12:46:48.334609","12.875269000","7.561372000","422","52","100.64.0.2","53692","103.102.166.224","443","0","640","47069"
"12:46:48.334635","12.875295000","7.561398000","423","52","100.64.0.2","53692","103.102.166.224","443","0","640","47069"
"12:46:48.337290","12.877950000","7.564053000","424","576","103.102.166.224","443","100.64.0.2","53692","524","68029","640"
"12:46:48.340130","12.880790000","7.566893000","425","576","103.102.166.224","443","100.64.0.2","53692","524","68553","640"
"12:46:48.345993","12.886653000","7.572756000","426","576","103.102.166.224","443","100.64.0.2","53692","524","69077","640"
"12:46:48.351743","12.892403000","7.578506000","427","576","103.102.166.224","443","100.64.0.2","53692","524","69601","640"
"12:46:48.398006","12.938666000","7.624769000","428","52","100.64.0.2","53692","103.102.166.224","443","0","640","47069"
"12:46:48.398035","12.938695000","7.624798000","429","52","100.64.0.2","53692","103.102.166.224","443","0","640","47069"
"12:46:48.398052","12.938712000","7.624815000","430","52","100.64.0.2","53692","103.102.166.224","443","0","640","47069"
"12:46:48.400632","12.941292000","7.627395000","431","576","103.102.166.224","443","100.64.0.2","53692","524","70125","640"
"12:46:48.403689","12.944349000","7.630452000","432","576","103.102.166.224","443","100.64.0.2","53692","524","70649","640"
"12:46:48.460191","13.000851000","7.686954000","433","52","100.64.0.2","53692","103.102.166.224","443","0","640","51785"
"12:46:48.460224","13.000884000","7.686987000","434","52","100.64.0.2","53692","103.102.166.224","443","0","640","51785"
"12:46:48.462660","13.003320000","7.689423000","435","576","103.102.166.224","443","100.64.0.2","53692","524","71173","640"
"12:46:48.465655","13.006315000","7.692418000","436","576","103.102.166.224","443","100.64.0.2","53692","524","71697","640"
"12:46:48.471367","13.012027000","7.698130000","437","576","103.102.166.224","443","100.64.0.2","53692","524","72221","640"
"12:46:48.477312","13.017972000","7.704075000","438","576","103.102.166.224","443","100.64.0.2","53692","524","72745","640"
"12:46:48.482969","13.023629000","7.709732000","439","576","103.102.166.224","443","100.64.0.2","53692","524","73269","640"
"12:46:48.488710","13.029370000","7.715473000","440","576","103.102.166.224","443","100.64.0.2","53692","524","73793","640"
"12:46:48.494638","13.035298000","7.721401000","441","576","103.102.166.224","443","100.64.0.2","53692","524","74317","640"
"12:46:48.500347","13.041007000","7.727110000","442","576","103.102.166.224","443","100.64.0.2","53692","524","74841","640"
"12:46:48.506168","13.046828000","7.732931000","443","576","103.102.166.224","443","100.64.0.2","53692","524","75365","640"
"12:46:48.511890","13.052550000","7.738653000","444","576","103.102.166.224","443","100.64.0.2","53692","524","75889","640"
"12:46:48.517724","13.058384000","7.744487000","445","576","103.102.166.224","443","100.64.0.2","53692","524","76413","640"
"12:46:48.522400","13.063060000","7.749163000","446","52","100.64.0.2","53692","103.102.166.224","443","0","640","51785"
"12:46:48.522422","13.063082000","7.749185000","447","52","100.64.0.2","53692","103.102.166.224","443","0","640","51785"
"12:46:48.522431","13.063091000","7.749194000","448","52","100.64.0.2","53692","103.102.166.224","443","0","640","51785"
"12:46:48.523188","13.063848000","7.749951000","449","576","103.102.166.224","443","100.64.0.2","53692","524","76937","640"
"12:46:48.529278","13.069938000","7.756041000","450","576","103.102.166.224","443","100.64.0.2","53692","524","77461","640"
"12:46:48.534916","13.075576000","7.761679000","451","576","103.102.166.224","443","100.64.0.2","53692","524","79557","640"
"12:46:48.540713","13.081373000","7.767476000","452","576","103.102.166.224","443","100.64.0.2","53692","524","80081","640"
"12:46:48.546480","13.087140000","7.773243000","453","576","103.102.166.224","443","100.64.0.2","53692","524","80605","640"
"12:46:48.584400","13.125060000","7.811163000","454","52","100.64.0.2","53692","103.102.166.224","443","0","640","51785"
"12:46:48.584426","13.125086000","7.811189000","455","52","100.64.0.2","53692","103.102.166.224","443","0","640","51785"
"12:46:48.584435","13.125095000","7.811198000","456","52","100.64.0.2","53692","103.102.166.224","443","0","640","51785"
"12:46:48.586888","13.127548000","7.813651000","457","576","103.102.166.224","443","100.64.0.2","53692","524","81129","640"
"12:46:48.589928","13.130588000","7.816691000","458","576","103.102.166.224","443","100.64.0.2","53692","524","81653","640"
"12:46:48.595649","13.136309000","7.822412000","459","576","103.102.166.224","443","100.64.0.2","53692","524","82177","640"
"12:46:48.647528","13.188188000","7.874291000","460","52","100.64.0.2","53692","103.102.166.224","443","0","640","51785"
"12:46:48.647554","13.188214000","7.874317000","461","52","100.64.0.2","53692","103.102.166.224","443","0","640","79557"
"12:46:48.650065","13.190725000","7.876828000","462","576","103.102.166.224","443","100.64.0.2","53692","524","82701","640"
"12:46:48.653152","13.193812000","7.879915000","463","576","103.102.166.224","443","100.64.0.2","53692","524","83225","640"
"12:46:48.653196","13.193856000","7.879959000","464","576","103.102.166.224","443","100.64.0.2","53692","524","83749","640"
"12:46:48.659503","13.200163000","7.886266000","465","576","103.102.166.224","443","100.64.0.2","53692","524","84273","640"
"12:46:48.659547","13.200207000","7.886310000","466","576","103.102.166.224","443","100.64.0.2","53692","524","84797","640"
"12:46:48.665673","13.206333000","7.892436000","467","576","103.102.166.224","443","100.64.0.2","53692","524","85321","640"
"12:46:48.665718","13.206378000","7.892481000","468","576","103.102.166.224","443","100.64.0.2","53692","524","85845","640"
"12:46:48.671939","13.212599000","7.898702000","469","576","103.102.166.224","443","100.64.0.2","53692","524","86369","640"
"12:46:48.672001","13.212661000","7.898764000","470","576","103.102.166.224","443","100.64.0.2","53692","524","86893","640"
"12:46:48.678213","13.218873000","7.904976000","471","576","103.102.166.224","443","100.64.0.2","53692","524","87417","640"
"12:46:48.678234","13.218894000","7.904997000","472","576","103.102.166.224","443","100.64.0.2","53692","524","87941","640"
"12:46:48.684410","13.225070000","7.911173000","473","576","103.102.166.224","443","100.64.0.2","53692","524","88465","640"
"12:46:48.684427","13.225087000","7.911190000","474","576","103.102.166.224","443","100.64.0.2","53692","524","88989","640"
"12:46:48.690648","13.231308000","7.917411000","475","576","103.102.166.224","443","100.64.0.2","53692","524","89513","640"
"12:46:48.690663","13.231323000","7.917426000","476","576","103.102.166.224","443","100.64.0.2","53692","524","90037","640"
"12:46:48.697218","13.237878000","7.923981000","477","576","103.102.166.224","443","100.64.0.2","53692","524","90561","640"
"12:46:48.697236","13.237896000","7.923999000","478","576","103.102.166.224","443","100.64.0.2","53692","524","91085","640"
"12:46:48.703406","13.244066000","7.930169000","479","576","103.102.166.224","443","100.64.0.2","53692","524","91609","640"
"12:46:48.703426","13.244086000","7.930189000","480","576","103.102.166.224","443","100.64.0.2","53692","524","92133","640"
"12:46:48.709854","13.250514000","7.936617000","481","52","100.64.0.2","53692","103.102.166.224","443","0","640","79557"
"12:46:48.709873","13.250533000","7.936636000","482","52","100.64.0.2","53692","103.102.166.224","443","0","640","79557"
"12:46:48.709879","13.250539000","7.936642000","483","52","100.64.0.2","53692","103.102.166.224","443","0","640","79557"
"12:46:48.709893","13.250553000","7.936656000","484","576","103.102.166.224","443","100.64.0.2","53692","524","92657","640"
"12:46:48.709925","13.250585000","7.936688000","485","576","103.102.166.224","443","100.64.0.2","53692","524","93181","640"
"12:46:48.716261","13.256921000","7.943024000","486","576","103.102.166.224","443","100.64.0.2","53692","524","93705","640"
"12:46:48.716301","13.256961000","7.943064000","487","576","103.102.166.224","443","100.64.0.2","53692","524","94229","640"
"12:46:48.722515","13.263175000","7.949278000","488","576","103.102.166.224","443","100.64.0.2","53692","524","94753","640"
"12:46:48.722556","13.263216000","7.949319000","489","576","103.102.166.224","443","100.64.0.2","53692","524","95277","640"
"12:46:48.728955","13.269615000","7.955718000","490","576","103.102.166.224","443","100.64.0.2","53692","524","95801","640"
"12:46:48.728994","13.269654000","7.955757000","491","576","103.102.166.224","443","100.64.0.2","53692","524","96325","640"
"12:46:48.735173","13.275833000","7.961936000","492","576","103.102.166.224","443","100.64.0.2","53692","524","96849","640"
"12:46:48.735213","13.275873000","7.961976000","493","576","103.102.166.224","443","100.64.0.2","53692","524","97373","640"
"12:46:48.741539","13.282199000","7.968302000","494","576","103.102.166.224","443","100.64.0.2","53692","524","97897","640"
"12:46:48.741579","13.282239000","7.968342000","495","576","103.102.166.224","443","100.64.0.2","53692","524","98421","640"
"12:46:48.747570","13.288230000","7.974333000","496","576","103.102.166.224","443","100.64.0.2","53692","524","98945","640"
"12:46:48.747801","13.288461000","7.974564000","497","576","103.102.166.224","443","100.64.0.2","53692","524","99469","640"
"12:46:48.754165","13.294825000","7.980928000","498","576","103.102.166.224","443","100.64.0.2","53692","524","99993","640"
"12:46:48.754204","13.294864000","7.980967000","499","576","103.102.166.224","443","100.64.0.2","53692","524","100517","640"
"12:46:48.760419","13.301079000","7.987182000","500","576","103.102.166.224","443","100.64.0.2","53692","524","101041","640"
"12:46:48.760459","13.301119000","7.987222000","501","576","103.102.166.224","443","100.64.0.2","53692","524","101565","640"
"12:46:48.766783","13.307443000","7.993546000","502","576","103.102.166.224","443","100.64.0.2","53692","524","102089","640"
"12:46:48.766823","13.307483000","7.993586000","503","576","103.102.166.224","443","100.64.0.2","53692","524","102613","640"
"12:46:48.773057","13.313717000","7.999820000","504","52","100.64.0.2","53692","103.102.166.224","443","0","640","79557"
"12:46:48.773070","13.313730000","7.999833000","505","576","103.102.166.224","443","100.64.0.2","53692","524","103137","640"
"12:46:48.773082","13.313742000","7.999845000","506","52","100.64.0.2","53692","103.102.166.224","443","0","640","79557"
"12:46:48.776269","13.316929000","8.003032000","507","576","103.102.166.224","443","100.64.0.2","53692","524","103661","640"
"12:46:48.776308","13.316968000","8.003071000","508","576","103.102.166.224","443","100.64.0.2","53692","524","104185","640"
"12:46:48.782698","13.323358000","8.009461000","509","576","103.102.166.224","443","100.64.0.2","53692","524","104709","640"
"12:46:48.782737","13.323397000","8.009500000","510","108","103.102.166.224","443","100.64.0.2","53692","56","105233","640"
"12:46:48.834936","13.375596000","8.061699000","511","52","100.64.0.2","53692","103.102.166.224","443","0","640","79557"
"12:46:48.834970","13.375630000","8.061733000","512","52","100.64.0.2","53692","103.102.166.224","443","0","640","79557"
"12:46:48.835010","13.375670000","8.061773000","513","52","100.64.0.2","53692","103.102.166.224","443","0","640","79557"
"12:46:48.897392","13.438052000","8.124155000","514","52","100.64.0.2","53692","103.102.166.224","443","0","640","79557"
"12:46:48.897415","13.438075000","8.124178000","515","52","100.64.0.2","53692","103.102.166.224","443","0","640","79557"
"12:46:48.960270","13.500930000","8.187033000","516","52","100.64.0.2","53692","103.102.166.224","443","0","640","79557"
"12:46:48.960292","13.500952000","8.187055000","517","52","100.64.0.2","53692","103.102.166.224","443","0","640","79557"
"12:46:48.960301","13.500961000","8.187064000","518","52","100.64.0.2","53692","103.102.166.224","443","0","640","79557"
"12:46:49.022724","13.563384000","8.249487000","519","52","100.64.0.2","53692","103.102.166.224","443","0","640","79557"
"12:46:49.022750","13.563410000","8.249513000","520","52","100.64.0.2","53692","103.102.166.224","443","0","640","79557"
"12:46:49.022760","13.563420000","8.249523000","521","52","100.64.0.2","53692","103.102.166.224","443","0","640","79557"
"12:46:49.085136","13.625796000","8.311899000","522","52","100.64.0.2","53692","103.102.166.224","443","0","640","79557"
"12:46:49.085167","13.625827000","8.311930000","523","52","100.64.0.2","53692","103.102.166.224","443","0","640","79557"
"12:46:49.148234","13.688894000","8.374997000","524","52","100.64.0.2","53692","103.102.166.224","443","0","640","79557"
"12:46:49.148256","13.688916000","8.375019000","525","52","100.64.0.2","53692","103.102.166.224","443","0","640","79557"
"12:46:49.148265","13.688925000","8.375028000","526","52","100.64.0.2","53692","103.102.166.224","443","0","640","79557"
"12:46:49.209751","13.750411000","8.436514000","527","52","100.64.0.2","53692","103.102.166.224","443","0","640","79557"
"12:46:49.209780","13.750440000","8.436543000","528","52","100.64.0.2","53692","103.102.166.224","443","0","640","79557"
"12:46:49.272966","13.813626000","8.499729000","529","52","100.64.0.2","53692","103.102.166.224","443","0","640","79557"
"12:46:49.272996","13.813656000","8.499759000","530","52","100.64.0.2","53692","103.102.166.224","443","0","640","79557"
"12:46:49.273006","13.813666000","8.499769000","531","52","100.64.0.2","53692","103.102.166.224","443","0","640","79557"
"12:46:49.335194","13.875854000","8.561957000","532","52","100.64.0.2","53692","103.102.166.224","443","0","640","79557"
"12:46:49.335225","13.875885000","8.561988000","533","52","100.64.0.2","53692","103.102.166.224","443","0","640","79557"
"12:46:49.335235","13.875895000","8.561998000","534","52","100.64.0.2","53692","103.102.166.224","443","0","640","79557"
"12:46:49.397507","13.938167000","8.624270000","535","52","100.64.0.2","53692","103.102.166.224","443","0","640","79557"
"12:46:49.397538","13.938198000","8.624301000","536","52","100.64.0.2","53692","103.102.166.224","443","0","640","79557"
"12:46:49.459845","14.000505000","8.686608000","537","52","100.64.0.2","53692","103.102.166.224","443","0","640","79557"
"12:46:49.459876","14.000536000","8.686639000","538","52","100.64.0.2","53692","103.102.166.224","443","0","640","79557"
"12:46:49.459886","14.000546000","8.686649000","539","52","100.64.0.2","53692","103.102.166.224","443","0","640","79557"
"12:46:49.459895","14.000555000","8.686658000","540","52","100.64.0.2","53692","103.102.166.224","443","0","640","79557"
"12:46:49.556077","14.096737000","8.782840000","541","576","103.102.166.224","443","100.64.0.2","53692","524","79557","640"
"12:46:49.834874","14.375534000","9.061637000","542","52","100.64.0.2","53692","103.102.166.224","443","0","640","80081"
"12:46:49.837506","14.378166000","9.064269000","543","576","103.102.166.224","443","100.64.0.2","53692","524","80081","640"
"12:46:49.839058","14.379718000","9.065821000","544","576","103.102.166.224","443","100.64.0.2","53692","524","80605","640"
"12:46:49.842321","14.382981000","9.069084000","545","576","103.102.166.224","443","100.64.0.2","53692","524","81129","640"
"12:46:49.845408","14.386068000","9.072171000","546","576","103.102.166.224","443","100.64.0.2","53692","524","81653","640"
"12:46:50.148057","14.688717000","9.374820000","547","52","100.64.0.2","53692","103.102.166.224","443","0","640","80605"
"12:46:50.148088","14.688748000","9.374851000","548","52","100.64.0.2","53692","103.102.166.224","443","0","640","83749"
"12:46:50.150613","14.691273000","9.377376000","549","576","103.102.166.224","443","100.64.0.2","53692","524","82177","640"
"12:46:50.152279","14.692939000","9.379042000","550","576","103.102.166.224","443","100.64.0.2","53692","524","82701","640"
"12:46:50.155512","14.696172000","9.382275000","551","576","103.102.166.224","443","100.64.0.2","53692","524","83749","640"
"12:46:50.158611","14.699271000","9.385374000","552","576","103.102.166.224","443","100.64.0.2","53692","524","84273","640"
"12:46:50.158655","14.699315000","9.385418000","553","576","103.102.166.224","443","100.64.0.2","53692","524","84797","640"
"12:46:50.164999","14.705659000","9.391762000","554","576","103.102.166.224","443","100.64.0.2","53692","524","85321","640"
"12:46:50.165039","14.705699000","9.391802000","555","576","103.102.166.224","443","100.64.0.2","53692","524","85845","640"
"12:46:50.171211","14.711871000","9.397974000","556","576","103.102.166.224","443","100.64.0.2","53692","524","86369","640"
"12:46:50.171251","14.711911000","9.398014000","557","576","103.102.166.224","443","100.64.0.2","53692","524","86893","640"
"12:46:50.177493","14.718153000","9.404256000","558","576","103.102.166.224","443","100.64.0.2","53692","524","87417","640"
"12:46:50.177537","14.718197000","9.404300000","559","576","103.102.166.224","443","100.64.0.2","53692","524","87941","640"
"12:46:50.183979","14.724639000","9.410742000","560","576","103.102.166.224","443","100.64.0.2","53692","524","88465","640"
"12:46:50.184023","14.724683000","9.410786000","561","576","103.102.166.224","443","100.64.0.2","53692","524","88989","640"
"12:46:50.209465","14.750125000","9.436228000","562","52","100.64.0.2","53692","103.102.166.224","443","0","640","83749"
"12:46:50.209495","14.750155000","9.436258000","563","52","100.64.0.2","53692","103.102.166.224","443","0","640","83749"
"12:46:50.459433","15.000093000","9.686196000","564","52","100.64.0.2","53692","103.102.166.224","443","0","640","83749"
"12:46:50.459458","15.000118000","9.686221000","565","52","100.64.0.2","53692","103.102.166.224","443","0","640","83749"
"12:46:50.522802","15.063462000","9.749565000","566","52","100.64.0.2","53692","103.102.166.224","443","0","640","84273"
"12:46:50.522833","15.063493000","9.749596000","567","52","100.64.0.2","53692","103.102.166.224","443","0","640","84797"
"12:46:50.522848","15.063508000","9.749611000","568","52","100.64.0.2","53692","103.102.166.224","443","0","640","85321"
"12:46:50.525433","15.066093000","9.752196000","569","576","103.102.166.224","443","100.64.0.2","53692","524","89513","640"
"12:46:50.530127","15.070787000","9.756890000","570","576","103.102.166.224","443","100.64.0.2","53692","524","90037","640"
"12:46:50.539066","15.079726000","9.765829000","571","576","103.102.166.224","443","100.64.0.2","53692","524","90561","640"
"12:46:50.548268","15.088928000","9.775031000","572","576","103.102.166.224","443","100.64.0.2","53692","524","91085","640"
"12:46:50.557403","15.098063000","9.784166000","573","576","103.102.166.224","443","100.64.0.2","53692","524","91609","640"
"12:46:50.566478","15.107138000","9.793241000","574","576","103.102.166.224","443","100.64.0.2","53692","524","92133","640"
"12:46:50.584978","15.125638000","9.811741000","575","52","100.64.0.2","53692","103.102.166.224","443","0","640","85845"
"12:46:50.585007","15.125667000","9.811770000","576","52","100.64.0.2","53692","103.102.166.224","443","0","640","86369"
"12:46:50.587512","15.128172000","9.814275000","577","576","103.102.166.224","443","100.64.0.2","53692","524","92657","640"
"12:46:50.592300","15.132960000","9.819063000","578","576","103.102.166.224","443","100.64.0.2","53692","524","93181","640"
"12:46:50.601163","15.141823000","9.827926000","579","576","103.102.166.224","443","100.64.0.2","53692","524","93705","640"
"12:46:50.610439","15.151099000","9.837202000","580","576","103.102.166.224","443","100.64.0.2","53692","524","94229","640"
"12:46:50.647962","15.188622000","9.874725000","581","52","100.64.0.2","53692","103.102.166.224","443","0","640","86893"
"12:46:50.647992","15.188652000","9.874755000","582","52","100.64.0.2","53692","103.102.166.224","443","0","640","87417"
"12:46:50.648008","15.188668000","9.874771000","583","52","100.64.0.2","53692","103.102.166.224","443","0","640","87941"
"12:46:50.650504","15.191164000","9.877267000","584","576","103.102.166.224","443","100.64.0.2","53692","524","94753","640"
"12:46:50.655244","15.195904000","9.882007000","585","576","103.102.166.224","443","100.64.0.2","53692","524","95277","640"
"12:46:50.664232","15.204892000","9.890995000","586","576","103.102.166.224","443","100.64.0.2","53692","524","95801","640"
"12:46:50.673418","15.214078000","9.900181000","587","576","103.102.166.224","443","100.64.0.2","53692","524","96325","640"
"12:46:50.682438","15.223098000","9.909201000","588","576","103.102.166.224","443","100.64.0.2","53692","524","96849","640"
"12:46:50.691751","15.232411000","9.918514000","589","576","103.102.166.224","443","100.64.0.2","53692","524","97373","640"
"12:46:50.710261","15.250921000","9.937024000","590","52","100.64.0.2","53692","103.102.166.224","443","0","640","88465"
"12:46:50.710290","15.250950000","9.937053000","591","52","100.64.0.2","53692","103.102.166.224","443","0","640","88989"
"12:46:50.712876","15.253536000","9.939639000","592","576","103.102.166.224","443","100.64.0.2","53692","524","97897","640"
"12:46:50.717427","15.258087000","9.944190000","593","576","103.102.166.224","443","100.64.0.2","53692","524","98421","640"
"12:46:50.726509","15.267169000","9.953272000","594","576","103.102.166.224","443","100.64.0.2","53692","524","98945","640"
"12:46:50.735553","15.276213000","9.962316000","595","576","103.102.166.224","443","100.64.0.2","53692","524","99469","640"
"12:46:50.773080","15.313740000","9.999843000","596","52","100.64.0.2","53692","103.102.166.224","443","0","640","89513"
"12:46:50.775583","15.316243000","10.002346000","597","576","103.102.166.224","443","100.64.0.2","53692","524","99993","640"
"12:46:50.780174","15.320834000","10.006937000","598","576","103.102.166.224","443","100.64.0.2","53692","524","100517","640"
"12:46:50.834680","15.375340000","10.061443000","599","52","100.64.0.2","53692","103.102.166.224","443","0","640","90037"
"12:46:50.834710","15.375370000","10.061473000","600","52","100.64.0.2","53692","103.102.166.224","443","0","640","90561"
"12:46:50.837342","15.378002000","10.064105000","601","576","103.102.166.224","443","100.64.0.2","53692","524","101041","640"
"12:46:50.841892","15.382552000","10.068655000","602","576","103.102.166.224","443","100.64.0.2","53692","524","101565","640"
"12:46:50.851030","15.391690000","10.077793000","603","576","103.102.166.224","443","100.64.0.2","53692","524","102089","640"
"12:46:50.860025","15.400685000","10.086788000","604","576","103.102.166.224","443","100.64.0.2","53692","524","102613","640"
"12:46:50.897408","15.438068000","10.124171000","605","52","100.64.0.2","53692","103.102.166.224","443","0","640","91085"
"12:46:50.897439","15.438099000","10.124202000","606","52","100.64.0.2","53692","103.102.166.224","443","0","640","91609"
"12:46:50.897455","15.438115000","10.124218000","607","52","100.64.0.2","53692","103.102.166.224","443","0","640","92133"
"12:46:50.900025","15.440685000","10.126788000","608","576","103.102.166.224","443","100.64.0.2","53692","524","103137","640"
"12:46:50.904625","15.445285000","10.131388000","609","576","103.102.166.224","443","100.64.0.2","53692","524","103661","640"
"12:46:50.913870","15.454530000","10.140633000","610","576","103.102.166.224","443","100.64.0.2","53692","524","104185","640"
"12:46:50.922889","15.463549000","10.149652000","611","576","103.102.166.224","443","100.64.0.2","53692","524","104709","640"
"12:46:50.931965","15.472625000","10.158728000","612","108","103.102.166.224","443","100.64.0.2","53692","56","105233","640"
"12:46:50.959907","15.500567000","10.186670000","613","52","100.64.0.2","53692","103.102.166.224","443","0","640","94229"
"12:46:50.959932","15.500592000","10.186695000","614","52","100.64.0.2","53692","103.102.166.224","443","0","640","94229"
"12:46:51.022734","15.563394000","10.249497000","615","52","100.64.0.2","53692","103.102.166.224","443","0","640","94229"
"12:46:51.022764","15.563424000","10.249527000","616","52","100.64.0.2","53692","103.102.166.224","443","0","640","94229"
"12:46:51.022782","15.563442000","10.249545000","617","52","100.64.0.2","53692","103.102.166.224","443","0","640","94753"
"12:46:51.084734","15.625394000","10.311497000","618","52","100.64.0.2","53692","103.102.166.224","443","0","640","95277"
"12:46:51.084759","15.625419000","10.311522000","619","52","100.64.0.2","53692","103.102.166.224","443","0","640","95801"
"12:46:51.148172","15.688832000","10.374935000","620","52","100.64.0.2","53692","103.102.166.224","443","0","640","96325"
"12:46:51.148203","15.688863000","10.374966000","621","52","100.64.0.2","53692","103.102.166.224","443","0","640","96849"
"12:46:51.148220","15.688880000","10.374983000","622","52","100.64.0.2","53692","103.102.166.224","443","0","640","97373"
"12:46:51.210246","15.750906000","10.437009000","623","52","100.64.0.2","53692","103.102.166.224","443","0","640","97897"
"12:46:51.210271","15.750931000","10.437034000","624","52","100.64.0.2","53692","103.102.166.224","443","0","640","98421"
"12:46:51.210281","15.750941000","10.437044000","625","52","100.64.0.2","53692","103.102.166.224","443","0","640","98945"
"12:46:51.272495","15.813155000","10.499258000","626","52","100.64.0.2","53692","103.102.166.224","443","0","640","99469"
"12:46:51.272527","15.813187000","10.499290000","627","52","100.64.0.2","53692","103.102.166.224","443","0","640","99993"
"12:46:51.335006","15.875666000","10.561769000","628","52","100.64.0.2","53692","103.102.166.224","443","0","640","100517"
"12:46:51.335038","15.875698000","10.561801000","629","52","100.64.0.2","53692","103.102.166.224","443","0","640","101041"
"12:46:51.335047","15.875707000","10.561810000","630","52","100.64.0.2","53692","103.102.166.224","443","0","640","101565"
"12:46:51.398214","15.938874000","10.624977000","631","52","100.64.0.2","53692","103.102.166.224","443","0","640","102089"
"12:46:51.398237","15.938897000","10.625000000","632","52","100.64.0.2","53692","103.102.166.224","443","0","640","102613"
"12:46:51.460076","16.000736000","10.686839000","633","52","100.64.0.2","53692","103.102.166.224","443","0","640","104709"
"12:46:51.460098","16.000758000","10.686861000","634","52","100.64.0.2","53692","103.102.166.224","443","0","640","104709"
"12:46:51.460107","16.000767000","10.686870000","635","52","100.64.0.2","53692","103.102.166.224","443","0","640","104709"
"12:46:51.522722","16.063382000","10.749485000","636","52","100.64.0.2","53692","103.102.166.224","443","0","640","104709"
"12:46:51.522744","16.063404000","10.749507000","637","52","100.64.0.2","53692","103.102.166.224","443","0","640","105289"
"12:46:51.522753","16.063413000","10.749516000","638","52","100.64.0.2","53692","103.102.166.224","443","0","640","105289"
"12:46:51.522762","16.063422000","10.749525000","639","52","100.64.0.2","53692","103.102.166.224","443","0","640","105289"
"12:46:51.525602","16.066262000","10.752365000","640","76","103.102.166.224","443","100.64.0.2","53692","24","105289","641"
"12:46:51.525642","16.066302000","10.752405000","641","52","103.102.166.224","443","100.64.0.2","53692","0","105313","641"
"12:46:51.834439","16.375099000","11.061202000","642","40","100.64.0.2","53692","103.102.166.224","443","0","641","0"
"12:46:51.834462","16.375122000","11.061225000","643","40","100.64.0.2","53692","103.102.166.224","443","0","641","0"
